head,a,b,obs,null_mean,z
CL,16:0,18:0,302.0,300.68,0.09323615050121067
CL,16:0,18:1,303.0,298.16,0.32932455669054894
CL,16:0,18:2,302.0,300.8,0.08391813582966812
CL,16:0,20:0,302.0,300.09,0.12276375062112668
CL,16:0,20:4,302.0,299.41,0.18529239711055173
CL,18:0,18:1,302.0,300.56,0.09837516089370096
CL,18:0,18:2,302.0,300.45,0.11913651947326016
CL,18:0,20:0,302.0,299.76,0.15002760048908884
CL,18:0,20:4,302.0,300.05,0.12594873215942923
CL,18:1,18:2,302.0,301.11,0.0730988222325607
CL,18:1,20:0,302.0,300.44,0.09869733666348485
CL,18:1,20:4,302.0,301.67,0.023309997083176735
CL,18:2,20:0,302.0,300.63,0.10402903591836218
CL,18:2,20:4,302.0,301.94,0.0044509650917888026
CL,20:0,20:4,302.0,300.77,0.07813389529315669
TG,12:0,13:0,33.0,30.31,0.5433079687666139
TG,12:0,14:0,33.0,31.75,0.23129317634689114
TG,12:0,14:1,33.0,31.21,0.3203284768622328
TG,12:0,15:0,33.0,31.02,0.3544791349589495
TG,12:0,15:1,33.0,31.55,0.2574246173433542
TG,12:0,16:0,32.0,33.41,-0.2351244529599199
TG,12:0,16:1,33.0,32.78,0.04019876097368191
TG,12:0,17:0,33.0,33.56,-0.0969177293911578
TG,12:0,17:1,33.0,33.63,-0.1235695629555299
TG,12:0,17:2,33.0,33.81,-0.1370052467373746
TG,12:0,18:0,32.0,32.28,-0.04653654625141983
TG,12:0,18:1,33.0,33.32,-0.0656244943200387
TG,12:0,18:2,33.0,32.36,0.1033732804224333
TG,12:0,18:3,65.0,61.94,0.3696245273523282
TG,12:0,18:4,33.0,30.78,0.4214140014171104
TG,12:0,19:0,33.0,32.85,0.026439158954353656
TG,12:0,19:1,33.0,31.67,0.2375716004460236
TG,12:0,20:0,33.0,32.91,0.015291203131076046
TG,12:0,20:1,33.0,33.07,-0.013795922578511111
TG,12:0,20:2,33.0,32.44,0.0992957747735104
TG,12:0,20:3,33.0,33.07,-0.012543050626939249
TG,12:0,20:4,33.0,33.43,-0.07466684485146804
TG,12:0,20:5,33.0,31.98,0.20027121581812976
TG,12:0,21:0,33.0,33.44,-0.07375825754867774
TG,12:0,22:0,33.0,33.21,-0.03694693125553432
TG,12:0,22:1,33.0,49.52,-2.1293610924628186
TG,12:0,22:2,33.0,34.17,-0.20567155140189985
TG,12:0,22:3,33.0,34.26,-0.218503826609985
TG,12:0,22:4,33.0,32.1,0.15324838705738936
TG,12:0,22:5,33.0,33.37,-0.06321960570252487
TG,12:0,22:6,33.0,32.5,0.08958617182905827
TG,13:0,14:0,33.0,31.14,0.3511284468048389
TG,13:0,14:1,33.0,31.23,0.3173026568671723
TG,13:0,15:0,33.0,31.35,0.3003103984275713
TG,13:0,15:1,33.0,31.19,0.30836095387278206
TG,13:0,16:0,33.0,32.81,0.02929187794018328
TG,13:0,16:1,33.0,32.56,0.0823237073140554
TG,13:0,17:0,33.0,32.41,0.10675887440221599
TG,13:0,17:1,33.0,32.87,0.022570975188571034
TG,13:0,17:2,33.0,31.52,0.2937201801959483
TG,13:0,18:0,33.0,32.92,0.014125900168561844
TG,13:0,18:1,33.0,32.64,0.07136005802967028
TG,13:0,18:2,33.0,33.97,-0.15618955294622353
TG,13:0,18:3,65.0,61.66,0.43291133141876675
TG,13:0,18:4,33.0,30.11,0.5404192011541853
TG,13:0,19:0,33.0,33.44,-0.07571994608441343
TG,13:0,19:1,33.0,30.94,0.3611457189478444
TG,13:0,20:0,33.0,32.28,0.12090752552698686
TG,13:0,20:1,33.0,32.38,0.10459670469844193
TG,13:0,20:2,33.0,32.61,0.06543964986106932
TG,13:0,20:3,33.0,33.07,-0.012007532310521794
TG,13:0,20:4,33.0,32.37,0.11620313726882776
TG,13:0,20:5,33.0,33.26,-0.04466035658350469
TG,13:0,21:0,33.0,34.04,-0.1775809638366153
TG,13:0,22:0,33.0,32.48,0.08370823891460571
TG,13:0,22:1,33.0,48.49,-2.3047660775992496
TG,13:0,22:2,33.0,34.08,-0.1837287434170867
TG,13:0,22:3,33.0,33.73,-0.1421916349854242
TG,13:0,22:4,33.0,33.55,-0.10646546206908143
TG,13:0,22:5,33.0,32.81,0.03540815966479009
TG,13:0,22:6,33.0,32.33,0.11315194771432803
TG,14:0,14:1,33.0,32.12,0.1619508777771825
TG,14:0,15:0,33.0,31.54,0.26363756773619806
TG,14:0,15:1,33.0,31.93,0.21372191498234
TG,14:0,16:0,33.0,33.36,-0.05936812371939355
TG,14:0,16:1,33.0,32.61,0.07800327620640256
TG,14:0,17:0,33.0,32.37,0.11219079239360157
TG,14:0,17:1,33.0,32.31,0.1286769361800614
TG,14:0,17:2,33.0,32.53,0.08225498943052711
TG,14:0,18:0,33.0,32.97,0.004891868615570251
TG,14:0,18:1,33.0,32.1,0.17072543818333882
TG,14:0,18:2,33.0,32.65,0.062176182835806115
TG,14:0,18:3,65.0,63.83,0.15822213501127882
TG,14:0,18:4,33.0,32.35,0.13372249489003257
TG,14:0,19:0,33.0,32.32,0.12225471081012315
TG,14:0,19:1,33.0,31.58,0.24569239122258446
TG,14:0,20:0,33.0,33.5,-0.086710996952412
TG,14:0,20:1,33.0,32.76,0.04699346477303465
TG,14:0,20:2,33.0,32.82,0.02886469245969449
TG,14:0,20:3,33.0,32.87,0.025951722796462927
TG,14:0,20:4,33.0,32.16,0.1428984795544955
TG,14:0,20:5,33.0,32.71,0.04680714305459419
TG,14:0,21:0,33.0,33.2,-0.04315318520021092
TG,14:0,22:0,33.0,32.96,0.006583222836693873
TG,14:0,22:1,33.0,49.13,-2.0824937926467526
TG,14:0,22:2,33.0,34.52,-0.28938158160278354
TG,14:0,22:3,33.0,34.36,-0.2443799103195021
TG,14:0,22:4,33.0,32.36,0.1073390452828939
TG,14:0,22:5,33.0,32.5,0.08078187483917401
TG,14:0,22:6,33.0,33.22,-0.041172520598792464
TG,14:1,15:0,33.0,32.77,0.041966121707764606
TG,14:1,15:1,33.0,31.85,0.19645207919676963
TG,14:1,16:0,33.0,34.45,-0.25898019092858215
TG,14:1,16:1,33.0,32.73,0.04653989698084141
TG,14:1,17:0,33.0,31.87,0.1992815157745403
TG,14:1,17:1,33.0,32.51,0.0885078006650659
TG,14:1,17:2,33.0,32.84,0.025193133161773563
TG,14:1,18:0,33.0,32.43,0.09183388731442642
TG,14:1,18:1,33.0,32.21,0.15779216679610467
TG,14:1,18:2,33.0,32.74,0.04228206857566056
TG,14:1,18:3,65.0,61.91,0.38948304358421015
TG,14:1,18:4,33.0,31.13,0.3226387787823906
TG,14:1,19:0,33.0,33.01,-0.0017560108510704373
TG,14:1,19:1,33.0,31.17,0.32984432911402456
TG,14:1,20:0,33.0,33.27,-0.048402100200077715
TG,14:1,20:1,33.0,34.16,-0.19790957457027578
TG,14:1,20:2,33.0,33.45,-0.08206611112487891
TG,14:1,20:3,33.0,32.46,0.09719338329968961
TG,14:1,20:4,33.0,33.4,-0.08384436163006341
TG,14:1,20:5,33.0,32.55,0.08286927452078735
TG,14:1,21:0,33.0,33.06,-0.010708073009899446
TG,14:1,22:0,33.0,32.46,0.08337504081635974
TG,14:1,22:1,33.0,49.96,-2.3578672531322407
TG,14:1,22:2,33.0,33.52,-0.09572418606759231
TG,14:1,22:3,33.0,33.47,-0.10258903616411333
TG,14:1,22:4,33.0,33.56,-0.08977956632941833
TG,14:1,22:5,33.0,33.85,-0.1298542541158301
TG,14:1,22:6,33.0,33.95,-0.18621187697228256
TG,15:0,15:1,33.0,31.18,0.3679388969143448
TG,15:0,16:0,33.0,33.19,-0.03091417690454342
TG,15:0,16:1,33.0,33.45,-0.07231073608905492
TG,15:0,17:0,33.0,32.42,0.10710736871254595
TG,15:0,17:1,33.0,31.97,0.178950289701613
TG,15:0,17:2,33.0,33.69,-0.14639851939540588
TG,15:0,18:0,33.0,32.7,0.0524062439354101
TG,15:0,18:1,33.0,31.84,0.20930855105305018
TG,15:0,18:2,33.0,32.4,0.10892898631973984
TG,15:0,18:3,65.0,62.42,0.34787574419297157
TG,15:0,18:4,33.0,31.88,0.19536521518534367
TG,15:0,19:0,33.0,31.85,0.19234238767751963
TG,15:0,19:1,33.0,31.91,0.18211771361564186
TG,15:0,20:0,33.0,33.38,-0.06302283542487226
TG,15:0,20:1,33.0,33.35,-0.0627531440192797
TG,15:0,20:2,33.0,32.31,0.12138203168462189
TG,15:0,20:3,33.0,33.3,-0.04929971387076831
TG,15:0,20:4,33.0,33.11,-0.02153227430721785
TG,15:0,20:5,33.0,31.97,0.20679104118671218
TG,15:0,21:0,33.0,33.29,-0.05448866142356243
TG,15:0,22:0,33.0,33.66,-0.12126044397418104
TG,15:0,22:1,33.0,47.91,-2.4282646908241983
TG,15:0,22:2,33.0,34.47,-0.25462763808103667
TG,15:0,22:3,33.0,34.44,-0.23205772652588624
TG,15:0,22:4,33.0,33.25,-0.050938264577150755
TG,15:0,22:5,33.0,32.65,0.061273987717145435
TG,15:0,22:6,33.0,33.0,0.0
TG,15:1,16:0,33.0,32.54,0.09242912789310569
TG,15:1,16:1,33.0,33.29,-0.0510219526862137
TG,15:1,17:0,33.0,32.28,0.13996661071399297
TG,15:1,17:1,33.0,32.03,0.18218058668644174
TG,15:1,17:2,33.0,33.03,-0.004656392662062118
TG,15:1,18:0,33.0,32.39,0.10807400918854775
TG,15:1,18:1,33.0,32.94,0.01001442001957275
TG,15:1,18:2,33.0,33.2,-0.033351867298253984
TG,15:1,18:3,65.0,62.77,0.2933776282358745
TG,15:1,18:4,33.0,32.12,0.1543489142182049
TG,15:1,19:0,33.0,33.68,-0.12967657087486834
TG,15:1,19:1,33.0,31.14,0.312173706566215
TG,15:1,20:0,33.0,33.19,-0.038065605507744724
TG,15:1,20:1,33.0,33.08,-0.014725799855842499
TG,15:1,20:2,33.0,33.02,-0.0030897622103912936
TG,15:1,20:3,33.0,33.11,-0.019918549861726788
TG,15:1,20:4,33.0,32.96,0.006430037217645241
TG,15:1,20:5,33.0,33.19,-0.03779353101512052
TG,15:1,21:0,33.0,32.95,0.00944110713669087
TG,15:1,22:0,33.0,32.91,0.015850106917404183
TG,15:1,22:1,33.0,47.96,-1.8917259028828093
TG,15:1,22:2,33.0,34.77,-0.3325029976308791
TG,15:1,22:3,33.0,34.49,-0.2308208517586509
TG,15:1,22:4,33.0,32.55,0.08055324203115874
TG,15:1,22:5,33.0,33.97,-0.17572838639038188
TG,15:1,22:6,33.0,33.57,-0.11156094260787125
TG,16:0,16:1,34.0,34.92,-0.15451037873989013
TG,16:0,17:0,34.0,34.2,-0.034616792871550624
TG,16:0,17:1,34.0,33.75,0.042945755118522604
TG,16:0,17:2,34.0,34.45,-0.08639878351369266
TG,16:0,18:1,33.0,34.47,-0.2545512744533462
TG,16:0,18:2,34.0,34.02,-0.0037582566814691964
TG,16:0,18:3,66.0,65.38,0.07690413839866016
TG,16:0,18:4,33.0,32.52,0.07992277861964531
TG,16:0,19:0,34.0,34.35,-0.06550644083637912
TG,16:0,19:1,33.0,33.21,-0.03884501985357707
TG,16:0,20:0,34.0,34.56,-0.08842624568270517
TG,16:0,20:1,34.0,33.78,0.035478518213219915
TG,16:0,20:2,34.0,34.0,0.0
TG,16:0,20:3,34.0,33.58,0.07269134529107481
TG,16:0,20:4,34.0,34.64,-0.10891286170598778
TG,16:0,20:5,34.0,34.26,-0.03793603809168716
TG,16:0,21:0,34.0,34.09,-0.016221641452856914
TG,16:0,22:0,34.0,34.03,-0.004970465157370664
TG,16:0,22:1,57.0,50.67,0.9469821257755969
TG,16:0,22:2,35.0,35.53,-0.08146224082686543
TG,16:0,22:3,35.0,34.56,0.0685441412034144
TG,16:0,22:4,34.0,33.97,0.006205835525722772
TG,16:0,22:5,34.0,34.6,-0.10466885439780799
TG,16:0,22:6,34.0,33.82,0.02863006157571161
TG,16:1,17:0,34.0,34.85,-0.14272617827567394
TG,16:1,17:1,34.0,32.78,0.2070129123949995
TG,16:1,17:2,34.0,34.28,-0.05076530566735367
TG,16:1,18:0,34.0,32.87,0.1947896626604374
TG,16:1,18:1,34.0,34.09,-0.016317339222970323
TG,16:1,18:2,34.0,35.12,-0.1863934897314525
TG,16:1,18:3,66.0,64.67,0.17276938475132578
TG,16:1,18:4,33.0,33.56,-0.08991834213539077
TG,16:1,19:0,34.0,34.44,-0.07794462551967804
TG,16:1,19:1,33.0,32.47,0.08505448267365076
TG,16:1,20:0,34.0,34.13,-0.023419394136442923
TG,16:1,20:1,34.0,34.67,-0.10733940849439794
TG,16:1,20:2,34.0,35.11,-0.18073789771978163
TG,16:1,20:3,34.0,34.75,-0.13632420944248658
TG,16:1,20:4,34.0,34.48,-0.08478712916020627
TG,16:1,20:5,34.0,34.74,-0.10995603039512768
TG,16:1,21:0,34.0,34.11,-0.018395291845636395
TG,16:1,22:0,34.0,34.12,-0.01956838502569552
TG,16:1,22:1,57.0,51.39,0.7747118798950745
TG,16:1,22:2,35.0,35.12,-0.020184294162556106
TG,16:1,22:3,35.0,36.45,-0.2479900923892279
TG,16:1,22:4,34.0,34.24,-0.04354118085743392
TG,16:1,22:5,34.0,34.59,-0.10436039577664832
TG,16:1,22:6,34.0,35.25,-0.21316196315773409
TG,17:0,17:1,34.0,33.71,0.05706505830904258
TG,17:0,17:2,34.0,34.83,-0.13619172208377509
TG,17:0,18:0,34.0,34.36,-0.06789987707199423
TG,17:0,18:1,34.0,34.1,-0.016446567610019447
TG,17:0,18:2,34.0,32.89,0.1968447150385602
TG,17:0,18:3,66.0,65.37,0.0766510145787058
TG,17:0,18:4,33.0,32.72,0.04843333926586883
TG,17:0,19:0,34.0,34.05,-0.008318615471690535
TG,17:0,19:1,33.0,34.14,-0.22263077338762555
TG,17:0,20:0,34.0,33.74,0.044647185311878196
TG,17:0,20:1,34.0,34.53,-0.08909249279561061
TG,17:0,20:2,34.0,34.05,-0.00822578729950249
TG,17:0,20:3,34.0,33.24,0.12487170272715009
TG,17:0,20:4,34.0,33.07,0.18997363197862102
TG,17:0,20:5,34.0,34.2,-0.03802803699871264
TG,17:0,21:0,34.0,33.17,0.14965015176445223
TG,17:0,22:0,34.0,34.13,-0.02476612828041891
TG,17:0,22:1,57.0,50.51,0.841298445706937
TG,17:0,22:2,35.0,35.01,-0.0018062816462254673
TG,17:0,22:3,35.0,36.23,-0.22149725421567018
TG,17:0,22:4,34.0,34.66,-0.11371808237308682
TG,17:0,22:5,34.0,33.89,0.01974451727738083
TG,17:0,22:6,34.0,34.37,-0.06852662657232102
TG,17:1,17:2,34.0,34.14,-0.022997095274849617
TG,17:1,18:0,34.0,33.65,0.06347134284327381
TG,17:1,18:1,34.0,34.54,-0.08179152317760284
TG,17:1,18:2,34.0,34.49,-0.0682732735274894
TG,17:1,18:3,66.0,65.24,0.09775584676908958
TG,17:1,18:4,33.0,32.21,0.139728057984453
TG,17:1,19:0,34.0,34.21,-0.03777448892524907
TG,17:1,19:1,33.0,32.83,0.027939862340947013
TG,17:1,20:0,34.0,34.33,-0.05746208387341011
TG,17:1,20:1,34.0,34.14,-0.02286178233679577
TG,17:1,20:2,34.0,34.26,-0.044116997832581356
TG,17:1,20:3,34.0,34.45,-0.07486753924521955
TG,17:1,20:4,34.0,33.89,0.018035719563972943
TG,17:1,20:5,34.0,34.93,-0.15388179433147994
TG,17:1,21:0,34.0,34.71,-0.13160361901822815
TG,17:1,22:0,34.0,33.44,0.10372789547156457
TG,17:1,22:1,57.0,51.12,0.8772641522118774
TG,17:1,22:2,35.0,35.48,-0.07615249575451286
TG,17:1,22:3,35.0,36.41,-0.22171921748583343
TG,17:1,22:4,34.0,34.61,-0.09813480818636502
TG,17:1,22:5,34.0,33.74,0.0457392184782964
TG,17:1,22:6,34.0,35.33,-0.20468540142031869
TG,17:2,18:0,34.0,33.84,0.02966301422091898
TG,17:2,18:1,34.0,33.18,0.1342143086323883
TG,17:2,18:2,34.0,34.04,-0.007143039365573266
TG,17:2,18:3,66.0,66.77,-0.08923550107730636
TG,17:2,18:4,33.0,32.84,0.02901217951224048
TG,17:2,19:0,34.0,34.75,-0.11905136851988177
TG,17:2,19:1,33.0,32.57,0.07563076913852547
TG,17:2,20:0,34.0,34.88,-0.17668830480498351
TG,17:2,20:1,34.0,35.62,-0.2726036835683459
TG,17:2,20:2,34.0,35.08,-0.18611397341278876
TG,17:2,20:3,34.0,34.59,-0.10963229026732994
TG,17:2,20:4,34.0,34.82,-0.15193628435871046
TG,17:2,20:5,34.0,33.94,0.00975172834226843
TG,17:2,21:0,34.0,34.1,-0.017928749299112236
TG,17:2,22:0,34.0,34.4,-0.062302575135466116
TG,17:2,22:1,57.0,50.54,0.9720233201933395
TG,17:2,22:2,35.0,36.57,-0.26797467126874025
TG,17:2,22:3,35.0,35.21,-0.03378061732629197
TG,17:2,22:4,34.0,34.51,-0.07836894160019517
TG,17:2,22:5,34.0,34.59,-0.10508623152355226
TG,17:2,22:6,34.0,35.04,-0.17205154479422258
TG,18:0,18:1,34.0,34.59,-0.09540744834761056
TG,18:0,18:2,34.0,33.68,0.057662244237226386
TG,18:0,18:3,66.0,65.45,0.07382217825702654
TG,18:0,18:4,33.0,34.23,-0.21076635222349765
TG,18:0,19:0,34.0,34.88,-0.14963562949250983
TG,18:0,19:1,33.0,33.83,-0.14301610927730724
TG,18:0,20:0,34.0,34.63,-0.11342039255142461
TG,18:0,20:1,34.0,35.25,-0.2094784113037882
TG,18:0,20:2,34.0,35.04,-0.17752921117800152
TG,18:0,20:3,34.0,33.85,0.023822281659705832
TG,18:0,20:4,34.0,34.71,-0.1180616123868072
TG,18:0,20:5,34.0,34.01,-0.0018496362793546145
TG,18:0,21:0,34.0,34.85,-0.15000843496748903
TG,18:0,22:0,34.0,34.35,-0.06441020853883822
TG,18:0,22:1,57.0,50.53,0.8961158669842054
TG,18:0,22:2,35.0,36.32,-0.22698781260323478
TG,18:0,22:3,35.0,35.89,-0.1479681791855041
TG,18:0,22:4,34.0,33.56,0.07770117273948556
TG,18:0,22:5,34.0,34.89,-0.16556055161148914
TG,18:0,22:6,34.0,34.21,-0.03615004041152583
TG,18:1,18:2,34.0,33.84,0.0266909962184035
TG,18:1,18:3,66.0,64.65,0.16795475369279708
TG,18:1,18:4,33.0,33.07,-0.011906363329892913
TG,18:1,19:0,34.0,34.15,-0.026731428572398165
TG,18:1,19:1,33.0,33.29,-0.051470000913329206
TG,18:1,20:0,34.0,33.44,0.09923339599665536
TG,18:1,20:1,34.0,34.5,-0.08546072145083304
TG,18:1,20:2,34.0,33.52,0.07532287382792333
TG,18:1,20:3,34.0,34.78,-0.12926314587150717
TG,18:1,20:4,34.0,34.77,-0.12073014816416616
TG,18:1,20:5,34.0,33.1,0.16151457061744942
TG,18:1,21:0,34.0,34.26,-0.043158416667579226
TG,18:1,22:0,34.0,34.67,-0.11486841458032383
TG,18:1,22:1,57.0,50.43,0.958281003709817
TG,18:1,22:2,35.0,35.61,-0.102440886849347
TG,18:1,22:3,35.0,34.9,0.019298691110661896
TG,18:1,22:4,34.0,34.57,-0.0946782461930542
TG,18:1,22:5,34.0,34.67,-0.13119335867104936
TG,18:1,22:6,34.0,34.26,-0.047069020785594565
TG,18:2,18:3,66.0,64.64,0.2127328038885811
TG,18:2,18:4,33.0,33.06,-0.010200836706941855
TG,18:2,19:0,34.0,33.44,0.09744451732070764
TG,18:2,19:1,33.0,33.85,-0.14432196239252326
TG,18:2,20:0,34.0,35.02,-0.16341537959869973
TG,18:2,20:1,34.0,34.0,0.0
TG,18:2,20:2,34.0,33.88,0.020287876048777225
TG,18:2,20:3,34.0,34.26,-0.05394190871369255
TG,18:2,20:4,34.0,33.73,0.04981490464751479
TG,18:2,20:5,34.0,33.75,0.04215695756189122
TG,18:2,21:0,34.0,34.31,-0.05453395626410607
TG,18:2,22:0,34.0,34.96,-0.16727074200044953
TG,18:2,22:1,57.0,51.11,0.8182299846673254
TG,18:2,22:2,35.0,36.0,-0.1632122928294128
TG,18:2,22:3,35.0,35.19,-0.033117986768245664
TG,18:2,22:4,34.0,33.42,0.09514130520871526
TG,18:2,22:5,34.0,33.92,0.012971979977011706
TG,18:2,22:6,34.0,34.04,-0.0066760940333664386
TG,18:3,18:4,65.0,64.48,0.06790016292844389
TG,18:3,19:0,66.0,66.24,-0.031578291316551384
TG,18:3,19:1,65.0,63.11,0.22487589994159898
TG,18:3,20:0,66.0,65.25,0.09553752543358543
TG,18:3,20:1,66.0,65.47,0.06694977791459022
TG,18:3,20:2,66.0,64.71,0.1530238343873279
TG,18:3,20:3,66.0,65.91,0.009877480371645217
TG,18:3,20:4,66.0,62.81,0.42441419861507057
TG,18:3,20:5,66.0,63.63,0.34139402388892487
TG,18:3,21:0,66.0,64.43,0.20801527167825046
TG,18:3,22:0,66.0,64.58,0.17470576104760965
TG,18:3,22:1,89.0,95.64,-0.7191506323511861
TG,18:3,22:2,67.0,67.09,-0.01117500371762988
TG,18:3,22:3,67.0,67.22,-0.02535080435842801
TG,18:3,22:4,66.0,65.15,0.10642683207692359
TG,18:3,22:5,66.0,65.69,0.03614588323662409
TG,18:3,22:6,66.0,66.61,-0.0843505094354596
TG,18:4,19:0,33.0,32.62,0.06254298871563842
TG,18:4,19:1,33.0,32.36,0.11340247380892317
TG,18:4,20:0,33.0,33.58,-0.09425774418092459
TG,18:4,20:1,33.0,33.41,-0.06806735043189815
TG,18:4,20:2,33.0,32.98,0.003641809353656191
TG,18:4,20:3,33.0,34.09,-0.18021600945681918
TG,18:4,20:4,33.0,31.64,0.2403772474739268
TG,18:4,20:5,33.0,31.63,0.2796902873367353
TG,18:4,21:0,33.0,34.19,-0.21500364181539444
TG,18:4,22:0,33.0,31.54,0.2680438164974609
TG,18:4,22:1,33.0,47.98,-2.2159278407707244
TG,18:4,22:2,33.0,34.68,-0.2659719857595056
TG,18:4,22:3,33.0,34.14,-0.21074861147552582
TG,18:4,22:4,33.0,32.21,0.1546764438685669
TG,18:4,22:5,33.0,33.88,-0.152943822580375
TG,18:4,22:6,33.0,32.9,0.019676044536698786
TG,19:0,19:1,33.0,34.23,-0.2443580544614958
TG,19:0,20:0,34.0,34.43,-0.07921628945562824
TG,19:0,20:1,34.0,33.35,0.12286588220969087
TG,19:0,20:2,34.0,34.88,-0.16569713559287097
TG,19:0,20:3,34.0,33.42,0.09822948757097326
TG,19:0,20:4,34.0,34.24,-0.044457863108587105
TG,19:0,20:5,34.0,34.31,-0.051728562436581034
TG,19:0,21:0,34.0,33.8,0.034330021599598616
TG,19:0,22:0,34.0,33.24,0.12912478347836326
TG,19:0,22:1,57.0,50.11,0.9924420651237983
TG,19:0,22:2,35.0,36.27,-0.22766913797814128
TG,19:0,22:3,35.0,36.01,-0.19997098955020456
TG,19:0,22:4,34.0,35.1,-0.18773955470806053
TG,19:0,22:5,34.0,34.91,-0.14180390886928948
TG,19:0,22:6,34.0,34.57,-0.09287638288758296
TG,19:1,20:0,33.0,32.07,0.19980327364440428
TG,19:1,20:1,33.0,33.61,-0.10917620460759682
TG,19:1,20:2,33.0,33.49,-0.09618962591014048
TG,19:1,20:3,33.0,31.99,0.19426705400334066
TG,19:1,20:4,33.0,33.0,0.0
TG,19:1,20:5,33.0,33.1,-0.017352640209845366
TG,19:1,21:0,33.0,32.53,0.08212930982822403
TG,19:1,22:0,33.0,32.98,0.003456526297468872
TG,19:1,22:1,33.0,48.27,-2.4030979631492997
TG,19:1,22:2,33.0,33.55,-0.09115222211957111
TG,19:1,22:3,33.0,33.96,-0.1503336293247072
TG,19:1,22:4,33.0,32.67,0.054061252590411106
TG,19:1,22:5,33.0,33.38,-0.06360280268665743
TG,19:1,22:6,33.0,33.36,-0.06534619300841249
TG,20:0,20:1,34.0,34.63,-0.10908686141604437
TG,20:0,20:2,34.0,35.15,-0.2037793474588181
TG,20:0,20:3,34.0,34.75,-0.12650685046115023
TG,20:0,20:4,34.0,34.56,-0.09411246340654734
TG,20:0,20:5,34.0,34.39,-0.06441408113082966
TG,20:0,21:0,34.0,35.22,-0.2057139616791443
TG,20:0,22:0,34.0,34.1,-0.01672016388516174
TG,20:0,22:1,57.0,51.14,0.7642007785344908
TG,20:0,22:2,35.0,35.54,-0.08580253324596442
TG,20:0,22:3,35.0,34.9,0.019385524805004304
TG,20:0,22:4,34.0,35.01,-0.19124843731591346
TG,20:0,22:5,34.0,35.05,-0.17344713170617895
TG,20:0,22:6,34.0,33.99,0.0015965826277932241
TG,20:1,20:2,34.0,34.18,-0.02872468837771941
TG,20:1,20:3,34.0,34.93,-0.1507764742496635
TG,20:1,20:4,34.0,34.25,-0.045714076736126874
TG,20:1,20:5,34.0,34.58,-0.10226939042662869
TG,20:1,21:0,34.0,33.67,0.05432431810970295
TG,20:1,22:0,34.0,34.35,-0.06269271244052173
TG,20:1,22:1,57.0,51.11,0.7660476691941409
TG,20:1,22:2,35.0,35.71,-0.11418111693380598
TG,20:1,22:3,35.0,34.41,0.0970453806362528
TG,20:1,22:4,34.0,34.95,-0.14054807707650918
TG,20:1,22:5,34.0,34.39,-0.07303076268135218
TG,20:1,22:6,34.0,35.02,-0.16832599911680596
TG,20:2,20:3,34.0,34.79,-0.13955353909503965
TG,20:2,20:4,34.0,35.12,-0.19006105843787816
TG,20:2,20:5,34.0,34.6,-0.09059765083337062
TG,20:2,21:0,34.0,34.13,-0.022469602254472743
TG,20:2,22:0,34.0,34.24,-0.0431175140346187
TG,20:2,22:1,57.0,50.44,0.9735209548016753
TG,20:2,22:2,35.0,35.99,-0.17970351101928617
TG,20:2,22:3,35.0,36.14,-0.1661793455223651
TG,20:2,22:4,34.0,33.74,0.051657713523760786
TG,20:2,22:5,34.0,34.81,-0.15158362957657956
TG,20:2,22:6,34.0,34.15,-0.025654147488540526
TG,20:3,20:4,34.0,34.67,-0.11821690852299688
TG,20:3,20:5,34.0,33.98,0.003707545470300635
TG,20:3,21:0,34.0,35.42,-0.22501842773724606
TG,20:3,22:0,34.0,33.98,0.003000163513367808
TG,20:3,22:1,57.0,49.42,1.0116238909371666
TG,20:3,22:2,35.0,35.56,-0.10179059273519
TG,20:3,22:3,35.0,34.96,0.006558399400203307
TG,20:3,22:4,34.0,34.36,-0.06070351605884614
TG,20:3,22:5,34.0,34.64,-0.11890571484236735
TG,20:3,22:6,34.0,34.56,-0.09588928634917418
TG,20:4,20:5,34.0,34.48,-0.08392737130384258
TG,20:4,21:0,34.0,34.85,-0.15404340371285208
TG,20:4,22:0,34.0,34.15,-0.02670599630287529
TG,20:4,22:1,57.0,50.85,0.9959922311723954
TG,20:4,22:2,35.0,36.28,-0.21951302403084474
TG,20:4,22:3,35.0,34.63,0.0593287835616599
TG,20:4,22:4,34.0,34.47,-0.077425570728507
TG,20:4,22:5,34.0,35.3,-0.22856314844794803
TG,20:4,22:6,34.0,34.48,-0.08553771909002801
TG,20:5,21:0,34.0,33.99,0.0017208186835669778
TG,20:5,22:0,34.0,33.61,0.06783080578541102
TG,20:5,22:1,57.0,50.84,0.8024099012119075
TG,20:5,22:2,35.0,35.35,-0.060409959637099185
TG,20:5,22:3,35.0,35.75,-0.12146246721614581
TG,20:5,22:4,34.0,33.71,0.05247126507146184
TG,20:5,22:5,34.0,34.37,-0.06541443013321838
TG,20:5,22:6,34.0,34.02,-0.003440124936598524
TG,21:0,22:0,34.0,35.0,-0.17391961901349123
TG,21:0,22:1,57.0,50.77,0.9492154915629065
TG,21:0,22:2,35.0,34.74,0.04900220645375824
TG,21:0,22:3,35.0,34.94,0.010212651302702698
TG,21:0,22:4,34.0,33.88,0.020470067778041445
TG,21:0,22:5,34.0,36.24,-0.38190350812042195
TG,21:0,22:6,34.0,34.29,-0.05230032561531597
TG,22:0,22:1,57.0,50.68,0.870440847281522
TG,22:0,22:2,35.0,34.61,0.0697565042330365
TG,22:0,22:3,35.0,36.08,-0.20239629846374968
TG,22:0,22:4,34.0,34.52,-0.08529221635786467
TG,22:0,22:5,34.0,35.7,-0.3240006009151672
TG,22:0,22:6,34.0,34.02,-0.00355224657834853
TG,22:1,22:2,57.0,51.88,0.7478988582657504
TG,22:1,22:3,57.0,52.83,0.5196242519302839
TG,22:1,22:4,57.0,51.12,0.8142701071705262
TG,22:1,22:5,57.0,51.35,0.7875568463138022
TG,22:1,22:6,57.0,52.55,0.6795081115639041
TG,22:2,22:3,55.0,36.76,3.374169484614947
TG,22:2,22:4,35.0,34.68,0.05678402081151785
TG,22:2,22:5,35.0,35.43,-0.07539788009831258
TG,22:2,22:6,35.0,36.05,-0.1717680073359098
TG,22:3,22:4,35.0,34.97,0.00477642216404427
TG,22:3,22:5,35.0,35.73,-0.11969288056980229
TG,22:3,22:6,35.0,35.6,-0.0968750525580942
TG,22:4,22:5,34.0,34.7,-0.10917527678265487
TG,22:4,22:6,34.0,34.13,-0.021531590859977395
TG,22:5,22:6,34.0,35.62,-0.27809120148806743
TG,16:0,18:0,32.0,33.75,-0.3050637494200359
